text,label
I absolutely love this amazing product!,1
This is fantastic and works perfectly!,1
Outstanding quality and super fast delivery,1
I'm thrilled with my purchase!,1
Perfect execution from start to finish,1
This exceeds all my expectations!,1
Brilliant design and flawless performance,1
I'm so happy with this decision!,1
Exceptional value for the money,1
Couldn't be more satisfied!,1
This makes my life so much easier,1
Amazing user experience overall,1
I really love this product,1
The interface is clean and beautiful,1
Fantastic performance and smooth design,1
This application works perfectly,1
I am very satisfied with the results,1
Great job by the development team,1
Excellent functionality and usability,1
The system is very reliable,1
Superb experience using this platform,1
The product quality is outstanding,1
Everything works exactly as expected,1
The interface is very intuitive,1
Really impressed with this software,1
This tool is extremely helpful,1
Wonderful design and performance,1
Very smooth and enjoyable experience,1
This is one of the best applications,1
The service is excellent,1
Absolutely fantastic product,1
Poor environmental footprint,0
No carbon tracking,0
Terrible energy efficiency,0
Poor sustainable AI practices,0
This ignores green computing,0
No model carbon footprint,0
Poor inference optimization,0
Terrible training efficiency,0
No green ML practices,0
This ignores responsible innovation,0
This is a terrible experience,0
I really hate this application,0
The interface is very confusing,0
Poor performance and bad design,0
This product does not work properly,0
Very disappointing results,0
Worst application I have used,0
The system keeps crashing,0
Bad quality and poor usability,0
This software is very frustrating,0
I regret using this product,0
The design looks terrible,0
The service quality is very poor,0
Extremely slow and buggy system,0
Nothing works as expected,0
Very bad experience overall,0
The interface is ugly and confusing,0
This tool is completely useless,0
I am not satisfied with this product,0
This application is badly designed,0
I absolutely love this amazing product!,1
This is the worst experience ever,0
Amazing user experience overall,1
I really love this product,1
This is a terrible experience,0
I really hate this application,0